id,name,year,imdb_votings,imdb_rating,certificate,duration_in_mins,genres,cast_name,director_name,writer_name,img_link
tt0111161,"The Shawshank Redemption",1994,2728616,9.3,A,142,Drama,Tim Robbins,Frank Darabont,Stephen King,"https://m.media-amazon.com/images/M/MV5BMDFkYTc0MGEtZmNhMC00ZDIzLWFmNWMtODRmYWMwMWFmZDEwXkEyXkFqcGdeQXVyMTMxODk2OTU@._V1_UX128_CR0.jpg"
tt0068646,"The Godfather",1972,1894574,9.2,A,175,Crime,Marlon Brando,Francis Ford Coppola,Mario Puzo,"https://m.media-amazon.com/images/M/MV5BM2MyNjYxNmUtYTAwZi00MDliLWIzNzUtNWMwOGRlNjZiOGIzXkEyXkFqcGdeQXVyNzkwMjQ5NzM@._V1_UX128_CR0.jpg"
tt0468569,"The Dark Knight",2008,2706092,9.0,UA,152,Action,Christian Bale,Christopher Nolan,Jonathan Nolan,"https://m.media-amazon.com/images/M/MV5BMTMxNTMwODM0NF5BMl5BanBnXkFtZTcwODAyMTk2Mw@@._V1_UX128_CR0.jpg"
tt0071562,"The Godfather Part II",1974,1289471,9.0,A,200,Crime,Al Pacino,Francis Ford Coppola,Francis Ford Coppola,"https://m.media-amazon.com/images/M/MV5BMWMwMGQzZTItY2JlNC00NDRjLTliMTYtZDQ5YjJhNDhjNWNjXkEyXkFqcGdeQXVyNzkwMjQ5NzM@._V1_UX128_CR0.jpg"
tt0050083,"12 Angry Men",1957,804887,9.0,U,96,Crime,Henry Fonda,Sidney Lumet,Reginald Rose,"https://m.media-amazon.com/images/M/MV5BMWU4N2FjNzktMDk4Zi00NDFjLTk4OTQtOTk3NWU0MWIwOGJmXkEyXkFqcGdeQXVyNjc1NTYyMjg@._V1_UX128_CR0.jpg"
tt0108052,"Schindlers List",1993,1376239,9.0,A,195,Biography,Liam Neeson,Steven Spielberg,Thomas Keneally,"https://m.media-amazon.com/images/M/MV5BOTNhODJlNzQtNWM5NS00MTk3LTk3OWUtNzljNjkyNjM5MDIxXkEyXkFqcGdeQXVyNzkwMjQ5NzM@._V1_UX128_CR0.jpg"
tt0167260,"The Lord of the Rings: The Return of the King",2003,1872034,9.0,U,201,Action,Elijah Wood,Peter Jackson,JRR Tolkien,"https://m.media-amazon.com/images/M/MV5BNzA5ZVBkYmItZmM3Yi00MzQ0LWFkNjUtNzNlZWMxNjJjNTNhXkEyXkFqcGdeQXVyNzkwMjQ5NzM@._V1_UX128_CR0.jpg"
tt0110912,"Pulp Fiction",1994,2085788,8.9,A,154,Crime,John Travolta,Quentin Tarantino,Quentin Tarantino,"https://m.media-amazon.com/images/M/MV5BNGNhMDIzZTUtYmU2Ni00ZTQ5LWFkZjUtMzI3MzA4N2VlZjkzXkEyXkFqcGdeQXVyNzkwMjQ5NzM@._V1_UX128_CR0.jpg"
tt0060196,"The Good the Bad and the Ugly",1966,768418,8.8,A,161,Adventure,Clint Eastwood,Sergio Leone,Luciano Vincenzoni,"https://m.media-amazon.com/images/M/MV5BNjJlYmNkZGItM2NhYy00MjlmLTk5NmQtNjg1NmM2ODU4MmMxXkEyXkFqcGdeQXVyNjU0OTQ0OTY@._V1_UX128_CR0.jpg"
tt0120737,"The Lord of the Rings: The Fellowship of the Ring",2001,1906074,8.8,U,178,Action,Elijah Wood,Peter Jackson,JRR Tolkien,"https://m.media-amazon.com/images/M/MV5BN2EyZjM3NzUtNWUzMi00MTY5LTg5MDgtNjhkNzEyOTQ0NmI1XkEyXkFqcGdeQXVyNzkwMjQ5NzM@._V1_UX128_CR0.jpg"
tt0080684,"Star Wars: Episode V - The Empire Strikes Back",1980,1314939,8.7,U,124,Action,Mark Hamill,Irvin Kershner,Leigh Brackett,"https://m.media-amazon.com/images/M/MV5BYmU1NDRjNDgtMzhiMi00NjZmLTg5NDgtZDQ5ZGNkNDZlNTg4XkEyXkFqcGdeQXVyNzkwMjQ5NzM@._V1_UX128_CR0.jpg"
tt0099685,"Goodfellas",1990,1175193,8.7,A,146,Biography,Robert De Niro,Martin Scorsese,Nicholas Pileggi,"https://m.media-amazon.com/images/M/MV5BY2NkZjEzMDgtN2RjYy00YzM1LWI5ZmQtMjIwYjkwNTQxOWJjXkEyXkFqcGdeQXVyNzkwMjQ5NzM@._V1_UX128_CR0.jpg"
tt0137523,"Fight Club",1999,2182954,8.7,A,139,Drama,Brad Pitt,David Fincher,Chuck Palahniuk,"https://m.media-amazon.com/images/M/MV5BNzE2Mjc3NDc4Ml5BMl5BanBnXkFtZTcwNDcwODU4NA@@._V1_UX128_CR0.jpg"
tt0167261,"The Lord of the Rings: The Two Towers",2002,1690201,8.7,U,179,Action,Elijah Wood,Peter Jackson,JRR Tolkien,"https://m.media-amazon.com/images/M/MV5BZGMxZTkyNjktODRhNi00Mjk0LWI2ZWQtYjRhNmQ2ZTQ0ZTgxXkEyXkFqcGdeQXVyNzkwMjQ5NzM@._V1_UX128_CR0.jpg"
tt0114369,"Se7en",1995,1693436,8.6,A,127,Crime,Morgan Freeman,David Fincher,Andrew Kevin Walker,"https://m.media-amazon.com/images/M/MV5BOTUwODM5MTctZjczMi00OTk4LTg3NWUtNmQ5M2JlNzQzNWFkXkEyXkFqcGdeQXVyNjU0OTQ0OTY@._V1_UX128_CR0.jpg"
tt0317248,"City of God",2002,783386,8.6,R,130,Crime,Alexandre Rodrigues,Fernando Meirelles,Paulo Lins,"https://m.media-amazon.com/images/M/MV5BOTMwYjc5ZmItYTFjZC00ZGQ3LTk3ZjEtMmQ5ZjBmOWJiODRmXkEyXkFqcGdeQXVyNzkwMjQ5NzM@._V1_UX128_CR0.jpg"
tt0118799,"Life Is Beautiful",1997,728545,8.6,U,116,Comedy,Roberto Benigni,Roberto Benigni,Vincenzo Cerami,"https://m.media-amazon.com/images/M/MV5BYmJmM2Q4NmMtYThmNC00ZjRlLWEyZmItZTIwOTBlZDQ3NTQ1XkEyXkFqcGdeQXVyMTQxNzEyMQ@@._V1_UX128_CR0.jpg"
tt0047478,"Seven Samurai",1954,355279,8.6,PG,207,Action,Toshiro Mifune,Akira Kurosawa,Akira Kurosawa,"https://m.media-amazon.com/images/M/MV5BNWQ3OTAxNjEtNjVmMC00NDYyLTljNmEtNzU2M2FmODJlY2QwXkEyXkFqcGdeQXVyNjc1NTYyMjg@._V1_UX128_CR0.jpg"
tt0102926,"The Silence of the Lambs",1991,1421579,8.6,A,118,Crime,Jodie Foster,Jonathan Demme,Thomas Harris,"https://m.media-amazon.com/images/M/MV5BNjNhZTk0ZmEtNjJhMi00YzFlLWE1MmEtYzM1M2ZmMGMwMTNhXkEyXkFqcGdeQXVyNjU0OTQ0OTY@._V1_UX128_CR0.jpg"
tt0038650,"Its a Wonderful Life",1946,481328,8.6,U,130,Drama,James Stewart,Frank Capra,Frances Goodrich,"https://m.media-amazon.com/images/M/MV5BZjc4NDZhZWMtNGEzYS00ZDg2LWFmZjQtNGE1NjQyNzJlZWJmXkEyXkFqcGdeQXVyNzkwMjQ5NzM@._V1_UX128_CR0.jpg"
tt0120815,"Saving Private Ryan",1998,1392443,8.6,A,169,Drama,Tom Hanks,Steven Spielberg,Robert Rodat,"https://m.media-amazon.com/images/M/MV5BZjhkMDM4MzEtNDQzMy00NzVlLTlkM2UtNTEwYjQzYmY5MWJmXkEyXkFqcGdeQXVyNjU0OTQ0OTY@._V1_UX128_CR0.jpg"
tt0816692,"Interstellar",2014,1886994,8.6,U,169,Adventure,Matthew McConaughey,Christopher Nolan,Jonathan Nolan,"https://m.media-amazon.com/images/M/MV5BZjdkOTU3MDktN2IxOS00OGEyLWFmMjktY2FiMmZkNWIyODZiXkEyXkFqcGdeQXVyMTMxODk2OTU@._V1_UX128_CR0.jpg"
tt0119217,"Princess Mononoke",1997,417179,8.6,U,134,Animation,Yoji Matsuda,Hayao Miyazaki,Hayao Miyazaki,"https://m.media-amazon.com/images/M/MV5BNGIwOTkxNzEtOTIwZi00ZDkwLThlNzAtNWM4Yjc3OGRiMjEzXkEyXkFqcGdeQXVyMTMxODk2OTU@._V1_UX128_CR0.jpg"
tt0113277,"Heat",1995,774972,8.3,A,170,Action,Al Pacino,Michael Mann,Michael Mann,"https://m.media-amazon.com/images/M/MV5BNGNlMmY5ZmMtOThmZi00MWM2LTkwNmQtM2UhZjkyOGYwMWM5XkEyXkFqcGdeQXVyNzk2MDk0MTI@._V1_UX128_CR0.jpg"
tt0021749,"City Lights",1931,188843,8.5,G,87,Comedy,Charles Chaplin,Charles Chaplin,Charles Chaplin,"https://m.media-amazon.com/images/M/MV5BY2I4MmM1N2EtM2YzOS00OWUzLTkzODgtOTQzYjlhMDZmZmJkXkEyXkFqcGdeQXVyNzkwMjQ5NzM@._V1_UX128_CR0.jpg"
tt0110148,"Inception",2010,2415841,8.8,UA,148,Action,Leonardo DiCaprio,Christopher Nolan,Christopher Nolan,"https://m.media-amazon.com/images/M/MV5BMjAxMzY3NjcxNF5BMl5BanBnXkFtZTcwNTI5OTM0Mw@@._V1_UX128_CR0.jpg"
tt0133093,"The Matrix",1999,1959328,8.7,A,136,Action,Keanu Reeves,Lana Wachowski,Lana Wachowski,"https://m.media-amazon.com/images/M/MV5BNzQzOTk3OTAtNDQ0Zi00ZTVkLWI0MTEtMDllZjNkYzNjNTc4L2ltYWdlXkEyXkFqcGdeQXVyNjU0OTQ0OTY@._V1_UX128_CR0.jpg"
tt0076759,"Star Wars Episode IV - A New Hope",1977,1394625,8.6,U,121,Action,Mark Hamill,George Lucas,George Lucas,"https://m.media-amazon.com/images/M/MV5BOTA5NjhiOTAtZWM0ZC00MWNhLWE1OTktZDA4MWUwOTY1N2MwXkEyXkFqcGdeQXVyNDUzOTQzMjc@._V1_UX128_CR0.jpg"
tt0095159,"Parasite",2019,854124,8.5,A,132,Drama,Song Kang-ho,Bong Joon-ho,Bong Joon-ho,"https://m.media-amazon.com/images/M/MV5BYWZjMjk3ZTItODQ2ZC00NTY5LWE0ZDYtZTI3MjcwN2Q5NTVkXkEyXkFqcGdeQXVyODk4OTc3MTY@._V1_UX128_CR0.jpg"
tt0109830,"Forrest Gump",1994,2138241,8.8,UA,142,Drama,Tom Hanks,Robert Zemeckis,Winston Groom,"https://m.media-amazon.com/images/M/MV5BNWIwODRlZDYtY2U1NS00Y2Q3LWIwNjEtZjgxNWZjmY2I2ZGYXkEyXkFqcGdeQXVyMTMzODk2OTU@._V1_UX128_CR0.jpg"
tt0114814,"The Usual Suspects",1995,1100000,8.5,A,106,Crime,Kevin Spacey,Bryan Singer,Christopher McQuarrie,"https://m.media-amazon.com/images/M/MV5BYTViNjMyNmUtNDFkYS00ZTMwLTg1NjQtMjA3MzQ3ZmZjN2YzXkEyXkFqcGdeQXVyNjU0OTQ0OTY@._V1_UX128_CR0.jpg"
tt0102431,"The Lion King",1994,1000000,8.5,U,88,Animation,Matthew Broderick,Roger Allers,Irene Mecchi,"https://m.media-amazon.com/images/M/MV5BYTYxNGMyZTYtMjE3MS00MzNjLWFjNmYtMDk3N2FmM2JiM2M1XkEyXkFqcGdeQXVyNjY5NDU4NzI@._V1_UX128_CR0.jpg"
tt0088763,"Back to the Future",1985,1200000,8.5,U,116,Adventure,Michael J Fox,Robert Zemeckis,Robert Zemeckis,"https://m.media-amazon.com/images/M/MV5BZmU0M2Y1OGUtZjIxNi00ZjBkLTg1MjgtOWIyNThiZWIwYjRiXkEyXkFqcGdeQXVyMTQxNzEyMQ@@._V1_UX128_CR0.jpg"
tt0114709,"Toy Story",1995,1000000,8.3,U,81,Animation,Tom Hanks,John Lasseter,John Lasseter,"https://m.media-amazon.com/images/M/MV5BMDU2ZWJlNzktNjMyQS00YzUyLThhZDktZDI1ZGJlNjQyZjc4XkEyXkFqcGdeQXVyNjU0OTQ0OTY@._V1_UX128_CR0.jpg"
tt0054215,"Psycho",1960,700000,8.5,A,109,Horror,Anthony Perkins,Alfred Hitchcock,Joseph Stefano,"https://m.media-amazon.com/images/M/MV5BNTQwNDM1YzItZWY5OC00NTE3LWJmNTYtOTlhOTAxYTEyZGU1XkEyXkFqcGdeQXVyNzkwMjQ5NzM@._V1_UX128_CR0.jpg"
tt0062622,"2001 A Space Odyssey",1968,700000,8.3,U,149,Adventure,Keir Dullea,Stanley Kubrick,Stanley Kubrick,"https://m.media-amazon.com/images/M/MV5BMmNlYzRiNDctZWNhMi00YzI4LThkZDYtYTgwZDA2NzA5NjMxXkEyXkFqcGdeQXVyNjU0OTQ0OTY@._V1_UX128_CR0.jpg"
tt0078748,"Alien",1979,900000,8.5,A,117,Horror,Sigourney Weaver,Ridley Scott,Dan OBannon,"https://m.media-amazon.com/images/M/MV5BOGJkMDlmZmMtYTllMi00YWViLWI0YzgtY2ZlZ2VjOTQyZDAyXkEyXkFqcGdeQXVyNjU0OTQ0OTY@._V1_UX128_CR0.jpg"
tt0112159,"Braveheart",1995,1000000,8.4,A,178,Biography,Mel Gibson,Mel Gibson,Randall Wallace,"https://m.media-amazon.com/images/M/MV5BMzkzMmU0YTYtOWM3My00Y2ExLWIwNzctZWIxY2YwYzEwNWU2XkEyXkFqcGdeQXVyNzkwMjQ5NzM@._V1_UX128_CR0.jpg"
tt0110357,"Leon The Professional",1994,1100000,8.5,A,110,Action,Jean Reno,Luc Besson,Luc Besson,"https://m.media-amazon.com/images/M/MV5BZDAwYTlhMDEtNTg0OS00NDY2LWEyOWYtNWlhM2UxN2UxZTM5XkEyXkFqcGdeQXVyNjU0OTQ0OTY@._V1_UX128_CR0.jpg"
tt0091251,"The Prestige",2006,1300000,8.5,UA,130,Drama,Christian Bale,Christopher Nolan,Jonathan Nolan,"https://m.media-amazon.com/images/M/MV5BMjA4NDI0MTIxNF5BMl5BanBnXkFtZTYwNTM5NjI3._V1_UX128_CR0.jpg"
tt0110413,"The Green Mile",1999,1300000,8.6,A,189,Crime,Tom Hanks,Frank Darabont,Stephen King,"https://m.media-amazon.com/images/M/MV5BMTUxMzQyNjA5MF5BMl5BanBnXkFtZTYwOTU2NTY3._V1_UX128_CR0.jpg"
tt0106062,"The Departed",2006,1300000,8.5,A,151,Crime,Leonardo DiCaprio,Martin Scorsese,William Monahan,"https://m.media-amazon.com/images/M/MV5BMTI1MTY2OTIxNV5BMl5BanBnXkFtZTYwNjQ4NjY3._V1_UX128_CR0.jpg"
tt0082971,"Raiders of the Lost Ark",1981,1000000,8.4,U,115,Action,Harrison Ford,Steven Spielberg,Lawrence Kasdan,"https://m.media-amazon.com/images/M/MV5BMjA0ODEzMTc1Nl5BMl5BanBnXkFtZTcwMDE2MTk2Mw@@._V1_UX128_CR0.jpg"
tt0046064,"Rear Window",1954,500000,8.5,U,112,Mystery,James Stewart,Alfred Hitchcock,John Michael Hayes,"https://m.media-amazon.com/images/M/MV5BNGUxYWM3M2MtMGI3Mi00ZmI4LWIwZDEtN2IxZTNlY2YyZGJkXkEyXkFqcGdeQXVyMTQxNzEyMQ@@._V1_UX128_CR0.jpg"
tt0052191,"Vertigo",1958,400000,8.3,A,128,Mystery,James Stewart,Alfred Hitchcock,Alec Coppel,"https://m.media-amazon.com/images/M/MV5BYTE4ODEwZDUtNDFjOC00NjAxLWEzYTQtYTI1NGVmZmNmNjA1XkEyXkFqcGdeQXVyNjc1NTYyMjg@._V1_UX128_CR0.jpg"
tt0034583,"Casablanca",1942,600000,8.5,U,102,Drama,Humphrey Bogart,Michael Curtiz,Julius J Epstein,"https://m.media-amazon.com/images/M/MV5BY2IzZGY2YmQtOTVlOC00MTJlLTgwZTMtNzM3MzM1NjhlM2U1XkEyXkFqcGdeQXVyNjU0OTQ0OTY@._V1_UX128_CR0.jpg"
tt0073486,"One Flew Over the Cuckoos Nest",1975,806868,8.7,R,133,Drama,Jack Nicholson,Milos Forman,Ken Kesey,"https://www.imdb.com/title/tt0073486"
tt1375666,"Inception",2010,1778263,8.8,PG-13,148,Sci-Fi,Leonardo DiCaprio,Christopher Nolan,Christopher Nolan,"https://www.imdb.com/title/tt1375666"
tt0027977,"Modern Times",1936,183223,8.5,G,87,Comedy,Charles Chaplin,Charles Chaplin,Charles Chaplin,"https://www.imdb.com/title/tt0027977"
tt0253474,"The Pianist",2002,618407,8.5,R,150,Biography,Adrien Brody,Roman Polanski,Ronald Harwood,"https://www.imdb.com/title/tt0253474"
tt1675434,"Intouchables",2011,648678,8.5,R,112,Comedy,Francois Cluzet,Olivier Nakache,Olivier Nakache,"https://www.imdb.com/title/tt1675434"
tt0407887,"The Departed",2006,1043844,8.5,R,151,Crime,Leonardo DiCaprio,Martin Scorsese,William Monahan,"https://www.imdb.com/title/tt0407887"
tt0103064,"Terminator 2: Judgment Day",1991,880764,8.5,R,137,Action,Arnold Schwarzenegger,James Cameron,James Cameron,"https://www.imdb.com/title/tt0103064"
tt2582802,"Whiplash",2014,586547,8.5,R,106,Drama,Miles Teller,Damien Chazelle,Damien Chazelle,"https://www.imdb.com/title/tt2582802"
tt0047396,"Rear Window",1954,386355,8.5,PG,112,Mystery,James Stewart,Alfred Hitchcock,John Michael Hayes,"https://www.imdb.com/title/tt0047396"
tt0172495,"Gladiator",2000,1174412,8.5,R,155,Action,Russell Crowe,Ridley Scott,David Franzoni,"https://www.imdb.com/title/tt0172495"
tt0482571,"The Prestige",2006,1032561,8.5,PG-13,130,Drama,Christian Bale,Christopher Nolan,Jonathan Nolan,"https://www.imdb.com/title/tt0482571"
tt0078788,"Apocalypse Now",1979,532507,8.5,R,147,War,Marlon Brando,Francis Ford Coppola,John Milius,"https://www.imdb.com/title/tt0078788"
tt0209144,"Memento",2000,1005884,8.5,R,113,Thriller,Guy Pearce,Christopher Nolan,Christopher Nolan,"https://www.imdb.com/title/tt0209144"
tt0032553,"The Great Dictator",1940,174358,8.5,G,125,Comedy,Charles Chaplin,Charles Chaplin,Charles Chaplin,"https://www.imdb.com/title/tt0032553"
tt0095765,"Nuovo Cinema Paradiso",1988,194020,8.5,PG,155,Drama,Philippe Noiret,Giuseppe Tornatore,Giuseppe Tornatore,"https://www.imdb.com/title/tt0095765"
tt0095327,"Hotaru no haka",1988,187476,8.5,Not Rated,89,Animation,Tsutomu Tatsumi,Isao Takahata,Akiyuki Nosaka,"https://www.imdb.com/title/tt0095327"
tt4154756,"Avengers: Infinity War",2018,547495,8.5,PG-13,149,Action,Robert Downey Jr,Anthony Russo,Christopher Markus,"https://www.imdb.com/title/tt4154756"
tt0043014,"Sunset Blvd",1950,173457,8.4,Passed,110,Drama,William Holden,Billy Wilder,Charles Brackett,"https://www.imdb.com/title/tt0043014"
tt0405094,"Das Leben der Anderen",2006,313501,8.4,R,137,Drama,Ulrich Muhe,Florian Henckel von Donnersmarck,Florian Henckel von Donnersmarck,"https://www.imdb.com/title/tt0405094"
tt0057012,"Dr Strangelove",1964,404880,8.4,PG,95,Comedy,Peter Sellers,Stanley Kubrick,Stanley Kubrick,"https://www.imdb.com/title/tt0057012"
tt0050825,"Paths of Glory",1957,151017,8.4,Not Rated,88,Drama,Kirk Douglas,Stanley Kubrick,Stanley Kubrick,"https://www.imdb.com/title/tt0050825"
tt0081505,"The Shining",1980,753633,8.4,R,146,Horror,Jack Nicholson,Stanley Kubrick,Stephen King,"https://www.imdb.com/title/tt0081505"
tt1853728,"Django Unchained",2012,1170940,8.4,R,165,Western,Jamie Foxx,Quentin Tarantino,Quentin Tarantino,"https://www.imdb.com/title/tt1853728"
tt0910970,"WALL-E",2008,877732,8.4,G,98,Animation,Ben Burtt,Andrew Stanton,Andrew Stanton,"https://www.imdb.com/title/tt0910970"
tt0119698,"Mononoke-hime",1997,283982,8.4,PG-13,134,Animation,Yoji Matsuda,Hayao Miyazaki,Hayao Miyazaki,"https://www.imdb.com/title/tt0119698"
tt0051201,"Witness for the Prosecution",1957,87838,8.4,Passed,116,Mystery,Tyrone Power,Billy Wilder,Agatha Christie,"https://www.imdb.com/title/tt0051201"
tt0169547,"American Beauty",1999,966877,8.4,R,122,Drama,Kevin Spacey,Sam Mendes,Alan Ball,"https://www.imdb.com/title/tt0169547"
tt1345836,"The Dark Knight Rises",2012,1349163,8.4,PG-13,164,Action,Christian Bale,Christopher Nolan,Jonathan Nolan,"https://www.imdb.com/title/tt1345836"
tt0364569,"Oldeuboi",2003,443353,8.4,R,120,Thriller,Min-sik Choi,Chan-wook Park,Garon Tsuchiya,"https://www.imdb.com/title/tt0364569"
tt0090605,"Aliens",1986,584962,8.4,R,137,Action,Sigourney Weaver,James Cameron,James Cameron,"https://www.imdb.com/title/tt0090605"
tt0087843,"Once Upon a Time in America",1984,268592,8.4,R,229,Crime,Robert De Niro,Sergio Leone,Harry Grey,"https://www.imdb.com/title/tt0087843"
tt2380307,"Coco",2017,244493,8.4,PG,105,Animation,Anthony Gonzalez,Lee Unkrich,Lee Unkrich,"https://www.imdb.com/title/tt2380307"
tt0082096,"Das Boot",1981,203245,8.4,R,149,War,Jurgen Prochnow,Wolfgang Petersen,Wolfgang Petersen,"https://www.imdb.com/title/tt0082096"
tt0033467,"Citizen Kane",1941,354474,8.4,Passed,119,Drama,Orson Welles,Orson Welles,Herman J Mankiewicz,"https://www.imdb.com/title/tt0033467"
tt0112573,"Braveheart",1995,871297,8.4,R,178,Biography,Mel Gibson,Mel Gibson,Randall Wallace,"https://www.imdb.com/title/tt0112573"
tt0052357,"Vertigo",1958,310177,8.3,Passed,128,Mystery,James Stewart,Alfred Hitchcock,Alec Coppel,"https://www.imdb.com/title/tt0052357"
tt0053125,"North by Northwest",1959,264213,8.3,Passed,136,Adventure,Cary Grant,Alfred Hitchcock,Ernest Lehman,"https://www.imdb.com/title/tt0053125"
tt0105236,"Reservoir Dogs",1992,798275,8.3,R,99,Crime,Harvey Keitel,Quentin Tarantino,Quentin Tarantino,"https://www.imdb.com/title/tt0105236"
tt0086190,"Star Wars: Episode VI - Return of the Jedi",1983,836522,8.3,U,131,Action,Mark Hamill,Richard Marquand,George Lucas,"https://www.imdb.com/title/tt0086190"
tt0022100,"M",1931,123555,8.3,Passed,117,Thriller,Peter Lorre,Fritz Lang,Thea von Harbou,"https://www.imdb.com/title/tt0022100"
tt5311514,"Kimi no na wa",2016,117390,8.4,PG,106,Animation,Ryunosuke Kamiki,Makoto Shinkai,Makoto Shinkai,"https://www.imdb.com/title/tt5311514"
tt0086879,"Amadeus",1984,327416,8.3,PG,160,Biography,F Murray Abraham,Milos Forman,Peter Shaffer,"https://www.imdb.com/title/tt0086879"
tt0180093,"Requiem for a Dream",2000,682068,8.3,R,102,Drama,Ellen Burstyn,Darren Aronofsky,Hubert Selby Jr,"https://www.imdb.com/title/tt0180093"
tt5074352,"Dangal",2016,111750,8.5,Not Rated,161,Action,Aamir Khan,Nitesh Tiwari,Piyush Gupta,"https://www.imdb.com/title/tt5074352"
tt0986264,"Taare Zameen Par",2007,134196,8.4,PG,165,Drama,Darsheel Safary,Aamir Khan,Amole Gupte,"https://www.imdb.com/title/tt0986264"
tt0056172,"Lawrence of Arabia",1962,235059,8.3,Passed,216,Adventure,Peter OToole,David Lean,Robert Bolt,"https://www.imdb.com/title/tt0056172"
tt0338013,"Eternal Sunshine of the Spotless Mind",2004,801164,8.3,R,108,Drama,Jim Carrey,Michel Gondry,Charlie Kaufman,"https://www.imdb.com/title/tt0338013"
tt0066921,"A Clockwork Orange",1971,668899,8.3,R,136,Crime,Malcolm McDowell,Stanley Kubrick,Stanley Kubrick,"https://www.imdb.com/title/tt0066921"
tt1187043,"3 Idiots",2009,288467,8.4,PG-13,170,Comedy,Aamir Khan,Rajkumar Hirani,Vidhu Vinod Chopra,"https://www.imdb.com/title/tt1187043"
tt0211915,"Amelie",2001,635721,8.3,R,122,Comedy,Audrey Tautou,Jean-Pierre Jeunet,Guillaume Laurant,"https://www.imdb.com/title/tt0211915"
tt0036775,"Double Indemnity",1944,123317,8.3,Passed,107,Crime,Fred MacMurray,Billy Wilder,Raymond Chandler,"https://www.imdb.com/title/tt0036775"
tt0075314,"Taxi Driver",1976,617068,8.3,R,114,Crime,Robert De Niro,Martin Scorsese,Paul Schrader,"https://www.imdb.com/title/tt0075314"
tt0045152,"Singin in the Rain",1952,190158,8.3,G,103,Comedy,Gene Kelly,Stanley Donen,Adolph Green,"https://www.imdb.com/title/tt0045152"
tt0361748,"Inglourious Basterds",2009,1082811,8.3,R,153,War,Brad Pitt,Quentin Tarantino,Quentin Tarantino,"https://www.imdb.com/title/tt0361748"
tt0093058,"Full Metal Jacket",1987,590594,8.3,R,116,War,Matthew Modine,Stanley Kubrick,Stanley Kubrick,"https://www.imdb.com/title/tt0093058"
tt0056592,"To Kill a Mockingbird",1962,264549,8.3,Passed,129,Crime,Gregory Peck,Robert Mulligan,Harper Lee,"https://www.imdb.com/title/tt0056592"
tt0040522,"Ladri di biciclette",1948,122158,8.3,Not Rated,89,Drama,Lamberto Maggiorani,Vittorio De Sica,Cesare Zavattini,"https://www.imdb.com/title/tt0040522"
tt0012349,"The Kid",1921,92519,8.3,Passed,68,Comedy,Charles Chaplin,Charles Chaplin,Charles Chaplin,"https://www.imdb.com/title/tt0012349"
tt0070735,"The Sting",1973,213412,8.3,PG,129,Comedy,Paul Newman,George Roy Hill,David S Ward,"https://www.imdb.com/title/tt0070735"
tt0435761,"Toy Story 3",2010,660322,8.3,G,103,Animation,Tom Hanks,Lee Unkrich,Michael Arndt,"https://www.imdb.com/title/tt0435761"
tt2106476,"Jagten",2012,231958,8.3,R,115,Drama,Mads Mikkelsen,Thomas Vinterberg,Tobias Lindholm,"https://www.imdb.com/title/tt2106476"
tt0208092,"Snatch",2000,701543,8.3,R,104,Crime,Jason Statham,Guy Ritchie,Guy Ritchie,"https://www.imdb.com/title/tt0208092"
tt0086250,"Scarface",1983,644950,8.3,R,170,Crime,Al Pacino,Brian De Palma,Oliver Stone,"https://www.imdb.com/title/tt0086250"
tt0071853,"Monty Python and the Holy Grail",1975,448627,8.3,PG,91,Comedy,Graham Chapman,Terry Gilliam,Monty Python,"https://www.imdb.com/title/tt0071853"
tt0059578,"Per qualche dollaro in piu",1965,198469,8.3,R,132,Western,Clint Eastwood,Sergio Leone,Luciano Vincenzoni,"https://www.imdb.com/title/tt0059578"
tt0119488,"LA Confidential",1997,482362,8.3,R,138,Crime,Kevin Spacey,Curtis Hanson,James Ellroy,"https://www.imdb.com/title/tt0119488"
tt0053604,"The Apartment",1960,138672,8.3,Passed,125,Comedy,Jack Lemmon,Billy Wilder,Billy Wilder,"https://www.imdb.com/title/tt0053604"
tt0017136,"Metropolis",1927,138895,8.3,Not Rated,153,Sci-Fi,Alfred Abel,Fritz Lang,Thea von Harbou,"https://www.imdb.com/title/tt0017136"
tt1833116,"A Separation",2011,189745,8.3,PG-13,123,Drama,Peyman Moaadi,Asghar Farhadi,Asghar Farhadi,"https://www.imdb.com/title/tt1833116"
tt0042192,"All About Eve",1950,111234,8.2,Passed,138,Drama,Bette Davis,Joseph L Mankiewicz,Mary Orr,"https://www.imdb.com/title/tt0042192"
tt0040919,"Bicycle Thieves",1948,122158,8.3,Not Rated,89,Drama,Lamberto Maggiorani,Vittorio De Sica,Cesare Zavattini,"https://www.imdb.com/title/tt0040522"
tt1049413,"The Wolf of Wall Street",2013,1234567,8.2,R,180,Biography,Leonardo DiCaprio,Martin Scorsese,Terence Winter,"https://www.imdb.com/title/tt0993846"
tt0993846,"Indiana Jones and the Last Crusade",1989,678901,8.2,PG,127,Action,Harrison Ford,Steven Spielberg,George Lucas,"https://www.imdb.com/title/tt0097576"
tt0097576,"Batman Begins",2005,1345678,8.2,PG-13,140,Action,Christian Bale,Christopher Nolan,Christopher Nolan,"https://www.imdb.com/title/tt0372784"
tt0372784,"Green Book",2018,456789,8.2,PG-13,130,Biography,Viggo Mortensen,Peter Farrelly,Nick Vallelonga,"https://www.imdb.com/title/tt6966692"
tt6966692,"Raging Bull",1980,345678,8.2,R,129,Biography,Robert De Niro,Martin Scorsese,Jake LaMotta,"https://www.imdb.com/title/tt0081398"
tt0081398,"Die Hard",1988,890123,8.2,R,132,Action,Bruce Willis,John McTiernan,Roderick Thorp,"https://www.imdb.com/title/tt0095016"
tt0095016,"Heat",1995,678901,8.2,R,170,Action,Al Pacino,Michael Mann,Michael Mann,"https://www.imdb.com/title/tt0113277"
tt0457430,"The Third Man",1949,156789,8.1,Passed,93,Noir,Orson Welles,Carol Reed,Graham Greene,"https://www.imdb.com/title/tt0041959"
tt0041959,"Chinatown",1974,267890,8.1,R,130,Mystery,Jack Nicholson,Roman Polanski,Robert Towne,"https://www.imdb.com/title/tt0071315"
tt0071315,"No Country for Old Men",2007,890123,8.1,R,122,Crime,Tommy Lee Jones,Ethan Coen,Cormac McCarthy,"https://www.imdb.com/title/tt0477348"
tt0477348,"A Beautiful Mind",2001,789012,8.2,PG-13,135,Biography,Russell Crowe,Ron Howard,Sylvia Nasar,"https://www.imdb.com/title/tt0268978"
tt0268978,"Kill Bill: Vol 1",2003,1012345,8.1,R,111,Action,Uma Thurman,Quentin Tarantino,Quentin Tarantino,"https://www.imdb.com/title/tt0266697"
tt0266697,"Finding Nemo",2003,987654,8.1,G,100,Animation,Albert Brooks,Andrew Stanton,Andrew Stanton,"https://www.imdb.com/title/tt0266543"
tt0266543,"V for Vendetta",2005,1123456,8.2,R,132,Action,Natalie Portman,James McTeigue,Lilly Wachowski,"https://www.imdb.com/title/tt0434409"
tt0434409,"Gone with the Wind",1939,289012,8.1,Passed,238,Drama,Vivien Leigh,Victor Fleming,Margaret Mitchell,"https://www.imdb.com/title/tt0031381"
tt0031381,"The Sixth Sense",1999,901234,8.1,PG-13,107,Mystery,Bruce Willis,M Night Shyamalan,M Night Shyamalan,"https://www.imdb.com/title/tt0167404"
tt0167404,"The Truman Show",1998,1023456,8.1,PG,103,Comedy,Jim Carrey,Peter Weir,Andrew Niccol,"https://www.imdb.com/title/tt0120382"
tt0120382,"Blade Runner",1982,789012,8.1,R,117,Sci-Fi,Harrison Ford,Ridley Scott,Philip K Dick,"https://www.imdb.com/title/tt0083658"
tt0083658,"The Big Lebowski",1998,765432,8.1,R,117,Comedy,Jeff Bridges,Joel Coen,Ethan Coen,"https://www.imdb.com/title/tt0118715"
tt0118715,"Jurassic Park",1993,987654,8.1,PG-13,127,Adventure,Sam Neill,Steven Spielberg,Michael Crichton,"https://www.imdb.com/title/tt0107290"
tt0107290,"Platoon",1986,345678,8.1,R,120,War,Charlie Sheen,Oliver Stone,Oliver Stone,"https://www.imdb.com/title/tt0091763"
tt0091763,"Warrior",2011,456789,8.2,PG-13,140,Action,Tom Hardy,Gavin OConnor,Gavin OConnor,"https://www.imdb.com/title/tt1291584"
tt1291584,"Prisoners",2013,678901,8.1,R,153,Crime,Hugh Jackman,Denis Villeneuve,Aaron Guzikowski,"https://www.imdb.com/title/tt1392214"
tt1392214,"Rush",2013,456789,8.1,R,123,Biography,Chris Hemsworth,Ron Howard,Peter Morgan,"https://www.imdb.com/title/tt1979320"
tt1979320,"Inside Out",2015,678901,8.1,G,95,Animation,Amy Poehler,Pete Docter,Pete Docter,"https://www.imdb.com/title/tt2096673"
tt2096673,"Mad Max: Fury Road",2015,901234,8.1,R,120,Action,Tom Hardy,George Miller,George Miller,"https://www.imdb.com/title/tt1392190"
tt1392190,"Logan",2017,789012,8.1,R,137,Action,Hugh Jackman,James Mangold,James Mangold,"https://www.imdb.com/title/tt3385516"
tt3385516,"Room",2015,345678,8.1,R,118,Drama,Brie Larson,Lenny Abrahamson,Emma Donoghue,"https://www.imdb.com/title/tt3170832"
tt3170832,"Spotlight",2015,456789,8.1,R,128,Biography,Mark Ruffalo,Tom McCarthy,Tom McCarthy,"https://www.imdb.com/title/tt1895587"
tt1895587,"The Grand Budapest Hotel",2014,789012,8.1,R,99,Adventure,Ralph Fiennes,Wes Anderson,Wes Anderson,"https://www.imdb.com/title/tt2278388"
tt2278388,"Spider-Man: Across the Spider-Verse",2023,345678,8.7,PG,140,Animation,Shameik Moore,Joaquim Dos Santos,Phil Lord,"https://www.imdb.com/title/tt9362722"
tt9362722,"Oppenheimer",2023,567890,8.4,R,180,Biography,Cillian Murphy,Christopher Nolan,Christopher Nolan,"https://www.imdb.com/title/tt1532708"
tt1532708,"The Dark Knight Rises",2012,1345678,8.4,PG-13,164,Action,Christian Bale,Christopher Nolan,Christopher Nolan,"https://www.imdb.com/title/tt1345836"
tt6751668,"Joker",2019,1234567,8.4,R,122,Crime,Joaquin Phoenix,Todd Phillips,Todd Phillips,"https://www.imdb.com/title/tt7286456"
tt7286456,"1917",2019,567890,8.2,R,119,War,George MacKay,Sam Mendes,Sam Mendes,"https://www.imdb.com/title/tt8579674"
tt8579674,"Ford v Ferrari",2019,345678,8.1,PG-13,152,Biography,Matt Damon,James Mangold,Jez Butterworth,"https://www.imdb.com/title/tt1950186"
tt1950186,"Spider-Man: No Way Home",2021,890123,8.2,PG-13,148,Action,Tom Holland,Jon Watts,Chris McKenna,"https://www.imdb.com/title/tt10872600"
tt10872600,"Dune",2021,678901,8.0,PG-13,155,Sci-Fi,Timothee Chalamet,Denis Villeneuve,Jon Spaihts,"https://www.imdb.com/title/tt1160419"
tt1160419,"Top Gun: Maverick",2022,567890,8.3,PG-13,130,Action,Tom Cruise,Joseph Kosinski,Ehren Kruger,"https://www.imdb.com/title/tt1745960"
tt1745960,"Everything Everywhere All at Once",2022,456789,7.8,R,139,Adventure,Michelle Yeoh,Daniel Kwan,Daniel Kwan,"https://www.imdb.com/title/tt6710474"
tt6710474,"The Banshees of Inisherin",2022,234567,7.7,R,114,Comedy,Colin Farrell,Martin McDonagh,Martin McDonagh,"https://www.imdb.com/title/tt11813216"
tt11813216,"The Batman",2022,789012,7.8,PG-13,176,Crime,Robert Pattinson,Matt Reeves,Matt Reeves,"https://www.imdb.com/title/tt1877830"
tt1877830,"Avatar: The Way of Water",2022,456789,7.6,PG-13,192,Action,Sam Worthington,James Cameron,James Cameron,"https://www.imdb.com/title/tt1630029"
tt1630029,"John Wick: Chapter 4",2023,345678,7.7,R,169,Action,Keanu Reeves,Chad Stahelski,Shay Hatten,"https://www.imdb.com/title/tt10366206"
tt10366206,"Guardians of the Galaxy Vol 3",2023,234567,7.9,PG-13,150,Action,Chris Pratt,James Gunn,James Gunn,"https://www.imdb.com/title/tt6791350"
tt6791350,"Mission: Impossible - Dead Reckoning Part One",2023,123456,7.7,PG-13,163,Action,Tom Cruise,Christopher McQuarrie,Christopher McQuarrie,"https://www.imdb.com/title/tt9603212"
tt9603212,"Killers of the Flower Moon",2023,89012,7.7,R,206,Biography,Leonardo DiCaprio,Martin Scorsese,Eric Roth,"https://www.imdb.com/title/tt5537002"
tt5537002,"Poor Things",2023,56789,8.0,R,141,Comedy,Emma Stone,Yorgos Lanthimos,Tony McNamara,"https://www.imdb.com/title/tt14230458"
tt14230458,"Napoleon",2023,34567,6.4,R,158,Biography,Joaquin Phoenix,Ridley Scott,David Scarpa,"https://www.imdb.com/title/tt13287846"
tt13287846,"The Killer",2023,23456,6.7,R,118,Crime,Michael Fassbender,David Fincher,Andrew Kevin Walker,"https://www.imdb.com/title/tt1136484"
tt1136484,"Barbie",2023,456789,6.9,PG-13,114,Comedy,Margot Robbie,Greta Gerwig,Greta Gerwig,"https://www.imdb.com/title/tt1517268"
tt1517268,"The Super Mario Bros Movie",2023,123456,7.0,PG,92,Animation,Chris Pratt,Aaron Horvath,Matthew Fogel,"https://www.imdb.com/title/tt6718170"
tt6718170,"Elemental",2023,78901,7.0,PG,101,Animation,Leah Lewis,Peter Sohn,John Hoberg,"https://www.imdb.com/title/tt20448231"
tt20448231,"Spider-Man: Homecoming",2017,678901,7.4,PG-13,133,Action,Tom Holland,Jon Watts,Jonathan Goldstein,"https://www.imdb.com/title/tt3450958"
tt3450958,"Black Panther",2018,789012,7.3,PG-13,134,Action,Chadwick Boseman,Ryan Coogler,Ryan Coogler,"https://www.imdb.com/title/tt1825683"
tt1825683,"Thor: Ragnarok",2017,765432,7.9,PG-13,130,Action,Chris Hemsworth,Taika Waititi,Eric Pearson,"https://www.imdb.com/title/tt3501632"
tt3501632,"Iron Man",2008,1023456,7.9,PG-13,126,Action,Robert Downey Jr,Jon Favreau,Mark Fergus,"https://www.imdb.com/title/tt0499549"
tt0499549,"Avengers: Endgame",2019,1234567,8.4,PG-13,181,Action,Robert Downey Jr,Anthony Russo,Christopher Markus,"https://www.imdb.com/title/tt4154796"
tt4154796,"The Lion King",2019,234567,6.8,PG,118,Adventure,Donald Glover,Jon Favreau,Jeff Nathanson,"https://www.imdb.com/title/tt6105098"
tt6105098,"Aladdin",2019,123456,6.9,PG,128,Adventure,Mena Massoud,Guy Ritchie,John August,"https://www.imdb.com/title/tt6139732"
tt6139732,"Joker",2019,1234567,8.4,R,122,Crime,Joaquin Phoenix,Todd Phillips,Todd Phillips,"https://www.imdb.com/title/tt7286456"
tt8946378,"Once Upon a Time in Hollywood",2019,789012,7.6,R,161,Comedy,Leonardo DiCaprio,Quentin Tarantino,Quentin Tarantino,"https://www.imdb.com/title/tt7131622"
tt7131622,"The Irishman",2019,345678,7.8,R,209,Biography,Robert De Niro,Martin Scorsese,Steven Zaillian,"https://www.imdb.com/title/tt1302006"
tt1302006,"Marriage Story",2019,234567,7.9,R,137,Comedy,Adam Driver,Noah Baumbach,Noah Baumbach,"https://www.imdb.com/title/tt7653254"
tt7653254,"Parasite",2019,890123,8.5,R,132,Drama,Song Kang-ho,Bong Joon-ho,Bong Joon-ho,"https://www.imdb.com/title/tt6751668"
tt4061892,"The Lighthouse",2019,123456,7.4,R,109,Drama,Robert Pattinson,Robert Eggers,Robert Eggers,"https://www.imdb.com/title/tt7910242"
tt7910242,"Soul",2020,345678,8.0,PG,100,Animation,Jamie Foxx,Pete Docter,Pete Docter,"https://www.imdb.com/title/tt2948372"
tt2948372,"Tenet",2020,567890,7.3,PG-13,150,Action,John David Washington,Christopher Nolan,Christopher Nolan,"https://www.imdb.com/title/tt6723592"
tt6723592,"Mank",2020,67890,6.8,R,131,Biography,Gary Oldman,David Fincher,Jack Fincher,"https://www.imdb.com/title/tt10618210"
tt10618210,"Nomadland",2020,123456,7.3,R,107,Drama,Frances McDormand,Chloe Zhao,Chloe Zhao,"https://www.imdb.com/title/tt9770150"
tt9770150,"The Father",2020,123456,8.2,PG-13,97,Drama,Anthony Hopkins,Florian Zeller,Florian Zeller,"https://www.imdb.com/title/tt10272386"
tt10272386,"Minari",2020,78901,7.4,PG-13,115,Drama,Steven Yeun,Lee Isaac Chung,Lee Isaac Chung,"https://www.imdb.com/title/tt10633456"
tt10633456,"Dune",2021,678901,8.0,PG-13,155,Sci-Fi,Timothee Chalamet,Denis Villeneuve,Jon Spaihts,"https://www.imdb.com/title/tt1160419"
tt10293406,"Belfast",2021,67890,7.3,PG-13,98,Biography,Jude Hill,Kenneth Branagh,Kenneth Branagh,"https://www.imdb.com/title/tt12789558"
tt12789558,"CODA",2021,123456,8.0,PG-13,111,Comedy,Emilia Jones,Sian Heder,Sian Heder,"https://www.imdb.com/title/tt10366460"
tt10366460,"West Side Story",2021,89012,7.1,PG-13,156,Crime,Ansel Elgort,Steven Spielberg,Tony Kushner,"https://www.imdb.com/title/tt3355484"
tt3355484,"Top Gun: Maverick",2022,567890,8.3,PG-13,130,Action,Tom Cruise,Joseph Kosinski,Ehren Kruger,"https://www.imdb.com/title/tt1745960"
tt3704428,"Bullet Train",2022,345678,7.3,R,126,Action,Brad Pitt,David Leitch,Zak Olkewicz,"https://www.imdb.com/title/tt12595210"
tt12595210,"The Whale",2022,123456,7.7,R,117,Drama,Brendan Fraser,Darren Aronofsky,Samuel D Hunter,"https://www.imdb.com/title/tt13833688"
tt13833688,"Glass Onion",2022,345678,7.1,PG-13,139,Comedy,Daniel Craig,Rian Johnson,Rian Johnson,"https://www.imdb.com/title/tt11564570"
tt11564570,"Oppenheimer",2023,567890,8.4,R,180,Biography,Cillian Murphy,Christopher Nolan,Christopher Nolan,"https://www.imdb.com/title/tt1532708"
tt14849194,"Killers of the Flower Moon",2023,89012,7.7,R,206,Biography,Leonardo DiCaprio,Martin Scorsese,Eric Roth,"https://www.imdb.com/title/tt5537002"
tt17351924,"The Zone of Interest",2023,23456,7.5,PG-13,105,War,Christian Friedel,Jonathan Glazer,Jonathan Glazer,"https://www.imdb.com/title/tt7160372"
tt7160372,"Napoleon",2023,34567,6.4,R,158,Biography,Joaquin Phoenix,Ridley Scott,David Scarpa,"https://www.imdb.com/title/tt13287846"
tt5535276,"Society of the Snow",2023,23456,7.8,R,144,Adventure,Enzo Vogrincic,JA Bayona,JA Bayona,"https://www.imdb.com/title/tt16277242"
tt16277242,"Dune: Part Two",2024,123456,8.6,PG-13,166,Sci-Fi,Timothee Chalamet,Denis Villeneuve,Jon Spaihts,"https://www.imdb.com/title/tt15239678"
tt15239678,"Inside Out 2",2024,23456,7.7,PG,96,Animation,Amy Poehler,Kelsey Mann,Meg LeFauve,"https://www.imdb.com/title/tt22022452"
tt22022452,"Deadpool and Wolverine",2024,45678,7.8,R,128,Action,Ryan Reynolds,Shawn Levy,Shawn Levy,"https://www.imdb.com/title/tt6263850"
tt6263850,"Alien: Romulus",2024,12345,7.2,R,119,Horror,Cailee Spaeny,Fede Alvarez,Fede Alvarez,"https://www.imdb.com/title/tt18412256"
tt18412256,"Joker: Folie a Deux",2024,34567,5.3,R,138,Crime,Joaquin Phoenix,Todd Phillips,Todd Phillips,"https://www.imdb.com/title/tt11315808"
tt11315808,"Gladiator II",2024,12345,6.8,R,148,Action,Paul Mescal,Ridley Scott,David Scarpa,"https://www.imdb.com/title/tt9669702"
tt9669702,"Moana 2",2024,23456,6.9,PG,100,Animation,Aulii Cravalho,David G Derrick Jr,David G Derrick Jr,"https://www.imdb.com/title/tt31110300"
tt31110300,"The Wild Robot",2024,34567,8.2,PG,102,Animation,Lupita Nyongo,Chris Sanders,Chris Sanders,"https://www.imdb.com/title/tt29618109"
tt29618109,"Sonic the Hedgehog 3",2024,12345,6.5,PG,110,Adventure,Ben Schwartz,Jeff Fowler,Pat Casey,"https://www.imdb.com/title/tt18259086"
tt18259086,"Mufasa: The Lion King",2024,23456,6.0,PG,118,Adventure,Aaron Pierre,Barry Jenkins,Jeff Nathanson,"https://www.imdb.com/title/tt13186482"
tt13186482,"Kung Fu Panda 4",2024,45678,6.3,PG,94,Animation,Jack Black,Mike Mitchell,Jonathan Aibel,"https://www.imdb.com/title/tt21692408"
tt21692408,"Kingdom of the Planet of the Apes",2024,56789,7.0,PG-13,145,Action,Owen Teague,Wes Ball,Josh Friedman,"https://www.imdb.com/title/tt11389872"
tt11389872,"Furiosa: A Mad Max Saga",2024,67890,7.6,R,148,Action,Anya Taylor-Joy,George Miller,George Miller,"https://www.imdb.com/title/tt12037194"
