id,name,year,imdb_votings,imdb_rating,certificate,duration_in_mins,genres,cast_name,director_name,writer_name,img_link
"tt0111161","The Shawshank Redemption",1994,2788644,9.3,"A",142,"Drama","Tim Robbins, Morgan Freeman, Bob Gunton","Frank Darabont","Stephen King, Frank Darabont","https://m.media-amazon.com/images/M/MV5BMDFkYTc0MGEtZmNhMC00ZDIzLWFmNWMtNDRmY2I0MzRiNmNhXkEyXkFqcGdeQXVyNzkwMjQ5NzM@._V1_UX67_CR0,0,67,98_AL_.jpg"
"tt0068646","The Godfather",1972,1944576,9.2,"A",175,"Crime, Drama","Marlon Brando, Al Pacino, James Caan","Francis Ford Coppola","Mario Puzo, Francis Ford Coppola","https://m.media-amazon.com/images/M/MV5BM2MyNjYxNmUtYTAwNi00MTYxLWJmNWYtYzZlNDZiNTg0ODQ5XkEyXkFqcGdeQXVyNzkwMjQ5NzM@._V1_UX67_CR0,0,67,98_AL_.jpg"
"tt0468569","The Dark Knight",2008,2761646,9.0,"UA",152,"Action, Crime, Drama","Christian Bale, Heath Ledger, Aaron Eckhart","Christopher Nolan","Jonathan Nolan, Christopher Nolan","https://m.media-amazon.com/images/M/MV5BMTMxNTMwODM0NF5BMl5BanBnXkFtZTcwODAyMTk2Mw@@._V1_UX67_CR0,0,67,98_AL_.jpg"
"tt0071562","The Godfather Part II",1974,1322544,9.0,"A",202,"Crime, Drama","Al Pacino, Robert De Niro, Robert Duvall","Francis Ford Coppola","Francis Ford Coppola, Mario Puzo","https://m.media-amazon.com/images/M/MV5BMWMwMGQzZTItY2ZmZC00NzNmLVhmMmQtMmRiNDRmMGVmZTkzXkEyXkFqcGdeQXVyNzkwMjQ5NzM@._V1_UX67_CR0,0,67,98_AL_.jpg"
"tt0050083","12 Angry Men",1957,822427,9.0,"U",96,"Crime, Drama","Henry Fonda, Lee J. Cobb, Martin Balsam","Sidney Lumet","Reginald Rose","https://m.media-amazon.com/images/M/MV5BMWU4N2FjNzYtNTVkNC00NzQ0LTg0MjAtYTJlMjFhNGUxZDFmXkEyXkFqcGdeQXVyNjc1NTYyMjg@._V1_UX67_CR0,0,67,98_AL_.jpg"
"tt0108052","Schindler's List",1993,1403330,9.0,"U",195,"Biography, Drama, History","Liam Neeson, Ralph Fiennes, Ben Kingsley","Steven Spielberg","Thomas Keneally, Steven Zaillian","https://m.media-amazon.com/images/M/MV5BNDE4OTMxMTctNmY3Zi00ZGU2LTk5OTktMzNjMmMwZWNlZjNjXkEyXkFqcGdeQXVyNjU0OTQ0OTY@._V1_UX67_CR0,0,67,98_AL_.jpg"
"tt0167260","The Lord of the Rings: The Return of the King",2003,1884972,9.0,"U",201,"Action, Adventure, Drama","Elijah Wood, Viggo Mortensen, Ian McKellen","Peter Jackson","J.R.R. Tolkien, Fran Walsh","https://m.media-amazon.com/images/M/MV5BNzA5ZVBkYmItZmM2NC00ZjQ4LWI2N2UtOTk0NDZhZjZlNGQzXkEyXkFqcGdeQXVyNzkwMjQ5NzM@._V1_UX67_CR0,0,67,98_AL_.jpg"
"tt0110912","Pulp Fiction",1994,2145277,8.9,"A",154,"Crime, Drama","John Travolta, Uma Thurman, Samuel L. Jackson","Quentin Tarantino","Quentin Tarantino, Roger Avary","https://m.media-amazon.com/images/M/MV5BNGNhMDIzZTUtYmU0Ni00MzQ5LTlmZmItYjY5ZmI0MGY2OWVjXkEyXkFqcGdeQXVyNzkwMjQ5NzM@._V1_UX67_CR0,0,67,98_AL_.jpg"
"tt0060196","The Good, the Bad and the Ugly",1966,768437,8.8,"A",161,"Adventure, Western","Clint Eastwood, Eli Wallach, Lee Van Cleef","Sergio Leone","Luciano Vincenzoni, Sergio Leone","https://m.media-amazon.com/images/M/MV5BNjJlYmNkZGItM2NhYy00MjlmLTk5NmQtNjg1NmM2ODU4MmMxXkEyXkFqcGdeQXVyNjU0OTQ0OTY@._V1_UX67_CR0,0,67,98_AL_.jpg"
"tt0120737","The Lord of the Rings: The Fellowship of the Ring",2001,1919998,8.8,"U",178,"Action, Adventure, Drama","Elijah Wood, Ian McKellen, Orlando Bloom","Peter Jackson","J.R.R. Tolkien, Fran Walsh","https://m.media-amazon.com/images/M/MV5BN2EyZjM3NzUtNWUzMi00MTY4LWI5ZjUtNjIxMTkwNDMxZTVhXkEyXkFqcGdeQXVyNzkwMjQ5NzM@._V1_UX67_CR0,0,67,98_AL_.jpg"
"tt0080684","Star Wars: Episode V - The Empire Strikes Back",1980,1340544,8.7,"U",124,"Action, Adventure, Fantasy","Mark Hamill, Harrison Ford, Carrie Fisher","Irvin Kershner","Leigh Brackett, Lawrence Kasdan","https://m.media-amazon.com/images/M/MV5BYmU1NDRjNDgtMzhiMi00NjZmLTg5NDgtZDQ5ZDM0MTZkY2RjXkEyXkFqcGdeQXVyNzkwMjQ5NzM@._V1_UX67_CR0,0,67,98_AL_.jpg"
"tt0099685","Goodfellas",1990,1194981,8.7,"A",146,"Biography, Crime, Drama","Robert De Niro, Ray Liotta, Joe Pesci","Martin Scorsese","Nicholas Pileggi, Martin Scorsese","https://m.media-amazon.com/images/M/MV5BY2NkZjEzMDgtN2RjYy00YzM1LWI5ZmQtMjIwYjkwNTQxOTZiXkEyXkFqcGdeQXVyNzkwMjQ5NzM@._V1_UX67_CR0,0,67,98_AL_.jpg"
"tt0073486","One Flew Over the Cuckoo's Nest",1975,1114671,8.7,"A",133,"Drama","Jack Nicholson, Louise Fletcher, Michael Berryman","Milos Forman","Lawrence Hauben, Bo Goldman","https://m.media-amazon.com/images/M/MV5BZjJjMmVkYzktOGEzNy00NWQ5LThhYjktOWYyNDc2MDgzNDBmXkEyXkFqcGdeQXVyNjUwNzk3NDc@._V1_UX67_CR0,0,67,98_AL_.jpg"
"tt0114369","Se7en",1995,1400958,8.6,"A",127,"Crime, Drama, Mystery","Morgan Freeman, Brad Pitt, Kevin Spacey","David Fincher","Andrew Kevin Walker","https://m.media-amazon.com/images/M/MV5BOTUwODM5MTctZjczMi00OTk4LTg3NWUtNmQ5ODYzNjhkNDk5XkEyXkFqcGdeQXVyNjU0OTQ0OTY@._V1_UX67_CR0,0,67,98_AL_.jpg"
"tt0102926","The Silence of the Lambs",1991,1455708,8.6,"A",118,"Crime, Drama, Thriller","Jodie Foster, Anthony Hopkins, Lawrence A. Bonney","Jonathan Demme","Thomas Harris, Ted Tally","https://m.media-amazon.com/images/M/MV5BNjNhZTk0ZmEtNjJhMi00YzFlLWE1MmEtYzM1M2ZmMGMwMTNhXkEyXkFqcGdeQXVyNjU0OTQ0OTY@._V1_UX67_CR0,0,67,98_AL_.jpg"
"tt0317248","City of God",2002,792944,8.6,"R",130,"Crime, Drama","Alexandre Rodrigues, Leandro Firmino, Matheus Nachtergaele","Fernando Meirelles, Kátia Lund","Paulo Lins, Bráulio Mantovani","https://m.media-amazon.com/images/M/MV5BOTMwYjc5ZmItYTFjZC00ZGQ3LTlhNmEtNDRmNmQxMmEwNGMwXkEyXkFqcGdeQXVyNzkwMjQ5NzM@._V1_UX67_CR0,0,67,98_AL_.jpg"
"tt0118799","Life Is Beautiful",1997,719279,8.6,"U",116,"Comedy, Drama, Romance","Roberto Benigni, Nicoletta Braschi, Giorgio Cantarini","Roberto Benigni","Vincenzo Cerami, Roberto Benigni","https://m.media-amazon.com/images/M/MV5BYmJmM2Q4NmMtYThmNC00ZjRlLWEyZmItZTIwOTRjZGE5MmFaXkEyXkFqcGdeQXVyNjU0OTQ0OTY@._V1_UX67_CR0,0,67,98_AL_.jpg"
"tt0120815","Saving Private Ryan",1998,1370654,8.6,"A",169,"Drama, War","Tom Hanks, Matt Damon, Tom Sizemore","Steven Spielberg","Robert Rodat","https://m.media-amazon.com/images/M/MV5BZjhkMDM4MzEtNDk3OC00NjU5LThkOTEtanQzNzkwODMxNzRlXkEyXkFqcGdeQXVyNjU0OTQ0OTY@._V1_UX67_CR0,0,67,98_AL_.jpg"
"tt0816692","Interstellar",2014,2125989,8.6,"U",169,"Adventure, Drama, Sci-Fi","Matthew McConaughey, Anne Hathaway, Jessica Chastain","Christopher Nolan","Jonathan Nolan, Christopher Nolan","https://m.media-amazon.com/images/M/MV5BZjdkOTU3MDktN2IxOS00OGEyLWFmMjktY2FiMmZkNWIyODZiXkEyXkFqcGdeQXVyMTMxODk2OTU@._V1_UX67_CR0,0,67,98_AL_.jpg"
"tt0088763","Back to the Future",1985,1261813,8.5,"U",116,"Adventure, Comedy, Sci-Fi","Michael J. Fox, Christopher Lloyd, Lea Thompson","Robert Zemeckis","Robert Zemeckis, Bob Gale","https://m.media-amazon.com/images/M/MV5BZmU0M2Y1YzQtZjZiMi00OTVmLWI5ZWMtZmU3NjQ4ZjQ4NjJiXkEyXkFqcGdeQXVyMTMxODk2OTU@._V1_UX67_CR0,0,67,98_AL_.jpg"
"tt0253474","The Pianist",2002,865964,8.5,"A",150,"Biography, Drama, Music","Adrien Brody, Thomas Kretschmann, Frank Finlay","Roman Polanski","Ronald Harwood, Wladyslaw Szpilman","https://m.media-amazon.com/images/M/MV5BOWRiZDIxZjktMTA1NC00OGQ2LWEzMDQtMTQ2MmQzNDIxNmYyXkEyXkFqcGdeQXVyNjU0OTQ0OTY@._V1_UX67_CR0,0,67,98_AL_.jpg"
"tt0047478","Seven Samurai",1954,356343,8.5,"U",207,"Action, Drama","Toshirô Mifune, Takashi Shimura, Keiko Tsushima","Akira Kurosawa","Akira Kurosawa, Shinobu Hashimoto","https://m.media-amazon.com/images/M/MV5BNWQ3OTAxOGUtNjkwNS00MzdiLWFmNGQtMDk3ODdhZDdiNTU0XkEyXkFqcGdeQXVyNjc1NTYyMjg@._V1_UX67_CR0,0,67,98_AL_.jpg"
"tt0119217","Good Will Hunting",1997,1041523,8.5,"A",126,"Drama, Romance","Robin Williams, Matt Damon, Ben Affleck","Gus Van Sant","Matt Damon, Ben Affleck","https://m.media-amazon.com/images/M/MV5BOTI0MzYzMTYtZDVkNi00YjM0LTgyNmUtNmZmOWZmYjAzNDZmXkEyXkFqcGdeQXVyMTMxODk2OTU@._V1_UX67_CR0,0,67,98_AL_.jpg"
"tt0167261","The Lord of the Rings: The Two Towers",2002,1701139,8.5,"U",179,"Action, Adventure, Drama","Elijah Wood, Ian McKellen, Viggo Mortensen","Peter Jackson","J.R.R. Tolkien, Fran Walsh","https://m.media-amazon.com/images/M/MV5BZGMxZTdjZmYtMmE2Ni00ZTdkLWI5NTgtNjlmNzA5NzIxYWI5XkEyXkFqcGdeQXVyNjU0OTQ0OTY@._V1_UX67_CR0,0,67,98_AL_.jpg"
"tt0034583","Casablanca",1942,581726,8.5,"U",102,"Drama, Romance, War","Humphrey Bogart, Ingrid Bergman, Paul Henreid","Michael Curtiz","Julius J. Epstein, Philip G. Epstein","https://m.media-amazon.com/images/M/MV5BY2IzY2JlNzktOWJmZi00N2I5LTg5MzYtODE3MzlhZDk5OWU4XkEyXkFqcGdeQXVyNDYyMDk5MTU@._V1_UX67_CR0,0,67,98_AL_.jpg"